{
  "n": 10292,
  "windows": [
    "2000",
    "2001",
    "2002",
    "2003",
    "2004",
    "2005",
    "2006",
    "2007",
    "2008",
    "2009",
    "2010",
    "2011",
    "2012",
    "2013",
    "2014",
    "2015",
    "2016",
    "2017",
    "2018",
    "2019",
    "2020",
    "2021",
    "2022",
    "2023",
    "2024",
    "2025",
    "2026"
  ],
  "neighbours": 10,
  "min_exposure": 0,
  "variance_explained": [
    0.11779407411813736,
    0.2258523404598236,
    0.1907423883676529,
    0.23280945420265198,
    0.23280173540115356
  ],
  "countries": [
    "CN",
    "US"
  ],
  "step_years": 1,
  "window_years": 3,
  "components": 5
}